file,Time,AUC-PR,AUC-ROC,VUS-PR,VUS-ROC,Standard-F1,PA-F1,Event-based-F1,R-based-F1,Affiliation-F
001_Genesis_id_1_Sensor_tr_4055_1st_15538.csv,2.1854312419891357,0.003126843860430324,0.5126134817563389,0.006756332391923381,0.6752326847438253,0.010972021669514581,0.12198221092757307,0.010796804145972779,0.09748667728848112,0.7068076176551765
002_MSL_id_1_Sensor_tr_500_1st_900.csv,0.2966907024383545,0.6533466955841385,0.9834801762114538,0.5924666966700266,0.9937981618683539,0.705877785496682,1.0,0.9999999999999996,0.7777777777777778,0.9995768723398955
003_MSL_id_2_Sensor_tr_883_1st_1238.csv,0.3354828357696533,0.4554253608348352,0.8037509482808928,0.4855943290184627,0.8488583406705781,0.4456778163283363,1.0,0.9999999999999996,0.4487551220914907,0.9862262216530404
005_MSL_id_4_Sensor_tr_855_1st_2700.csv,0.3154139518737793,0.07388241279688781,0.8318013122002682,0.08458432790466375,0.8634040647945004,0.16215947543206466,0.9403973509933775,0.2352941176470586,0.19059107358262967,0.7284922651448257
006_MSL_id_5_Sensor_tr_1150_1st_1250.csv,0.5693216323852539,0.42325614491527763,0.783765792559445,0.4177558802972404,0.788786775081366,0.4749291043807728,0.9941245593419507,0.901960784313725,0.3796093009482457,0.9028895891803735
007_MSL_id_6_Sensor_tr_980_1st_3550.csv,0.31703853607177734,0.84362178703944,0.9803695332627352,0.882042987353599,0.9925961253427202,0.7952707691407684,1.0,0.9999999999999996,0.8294573643410853,0.9988783864993905
008_MSL_id_7_Sensor_tr_656_1st_1630.csv,0.3046565055847168,0.9758797574164825,0.9948375341633768,0.9914228177464701,0.9989783051344754,0.9590859095301941,1.0,0.9999999999999996,0.9488091792785278,0.9996570765373666
009_MSL_id_8_Sensor_tr_714_1st_1390.csv,0.3049430847167969,0.15733608606151106,0.6922314604854287,0.24688613354381958,0.9026248056376583,0.26666246673281563,0.9767441860465117,0.7999999999999995,0.3558647261936666,0.9888425492954575
010_MSL_id_9_Sensor_tr_554_1st_1172.csv,0.2946326732635498,0.04278513093820164,0.5408873775402802,0.055571409338895615,0.6251183876756609,0.0966139132479133,0.8571428571428571,0.2352941176470586,0.11441307578008916,0.6672121853966108
012_MSL_id_11_Sensor_tr_539_1st_940.csv,0.294025182723999,0.8221754535568415,0.9887114258871142,0.8694693756054814,0.9932604695468131,0.7101992356848773,1.0,0.9999999999999996,0.7343358395989975,0.9961529862185162
013_MSL_id_12_Sensor_tr_554_1st_1200.csv,0.3045659065246582,0.5999852189763138,0.9826642335766423,0.5644646462393743,0.9908136989989607,0.6296246365279369,1.0,0.9999999999999996,0.5227272727272727,0.9980453649086528
014_MSL_id_13_Sensor_tr_1525_1st_4575.csv,0.6257026195526123,0.14073220976680936,0.8285706018356469,0.13447164099632494,0.8450321105489397,0.20323138471847235,1.0,0.9999999999999996,0.49836330200644513,0.9929611716346316
015_MSL_id_14_Sensor_tr_575_1st_1250.csv,0.30163097381591797,0.11028751548139462,0.4084221426414118,0.111607870296695,0.41320801437525145,0.2311807511164753,0.9275808936825886,0.23112480739599364,0.22714130687945155,0.7179728346081891
016_MSL_id_15_Sensor_tr_500_1st_780.csv,0.27034974098205566,0.4108967841108948,0.8490399970963995,0.4305636284823067,0.8591922918693587,0.46934099453458067,1.0,0.9999999999999996,0.5401477294626504,0.9677988312681118
017_MSL_id_16_Sensor_tr_512_1st_1850.csv,0.2834033966064453,0.8908420121668628,0.9935908053048138,0.9768400932701597,0.9986910387332729,0.9389870503822026,1.0,0.9999999999999996,0.9389235341404594,0.995402361616058
018_Daphnet_id_1_HumanActivity_tr_9693_1st_20732.csv,2.664914608001709,0.3343891029438021,0.9189717088279274,0.3528277819311118,0.9242598232647584,0.42694389486292567,0.9894872344990345,0.744615384615384,0.3117349819147108,0.9394939192409141
019_MITDB_id_1_Medical_tr_37500_1st_103211.csv,9.22717809677124,0.18865815818514398,0.651477999731634,0.18866862805173296,0.6525268878320842,0.286384214322793,0.9993019384631907,0.5206349206349202,0.2858020048201649,0.8684420781077868
020_MITDB_id_2_Medical_tr_50000_1st_52315.csv,13.040971040725708,0.02872861376600418,0.6700790642876845,0.004060819310763925,0.6876891995100675,0.05180240906075851,0.6821900566393958,0.6666666666666662,0.19333333333333333,0.6756436358532905
021_MITDB_id_3_Medical_tr_50000_1st_57595.csv,12.124820947647095,0.016899955136591704,0.4420672211448584,0.019159924592398177,0.5108616032628434,0.03463002671498309,0.8784806051826815,0.19354838709677394,0.07616986809492689,0.6876768149064946
022_MITDB_id_4_Medical_tr_50000_1st_54253.csv,10.709164381027222,0.04513031291299257,0.4741199363422636,0.04855837096455896,0.5080116358596529,0.0848611434661844,0.6988349901728999,0.18696883852691185,0.09086540519881725,0.7989310894217101
024_MITDB_id_6_Medical_tr_50000_1st_58118.csv,9.392101764678955,0.1298912888207013,0.7153675458146802,0.015201058691733585,0.7305992584030659,0.21446173297013083,1.0,0.9999999999999996,0.3954545454545455,0.9996691150556172
025_MITDB_id_7_Medical_tr_37500_1st_88864.csv,9.481311082839966,0.20462168743085207,0.8259962109598398,0.1824613090697456,0.8528266802190017,0.29457704622526837,1.0,0.9999999999999996,0.356966731650866,0.9723093678159287
026_MITDB_id_8_Medical_tr_30495_1st_30595.csv,10.136905193328857,0.11773637217582031,0.601230515027044,0.11038142843019007,0.6038856660798638,0.20097838265771725,0.9597885669537979,0.7874733961690478,0.27429712869730566,0.892339995281811
027_MITDB_id_9_Medical_tr_25000_1st_52255.csv,6.510700464248657,0.0086958629737238,0.6665750807230876,0.009786273463689018,0.7119810828823029,0.028748884423601972,0.6433878157503714,0.029433406916850598,0.026139772687478354,0.7875121599847629
029_MITDB_id_11_Medical_tr_50000_1st_518037.csv,12.191969156265259,0.38750604206766,0.8805110500865619,0.12905381988881331,0.8947194386755482,0.5086237322993751,1.0,0.9999999999999996,0.459891336190364,0.9916767058639158
030_MITDB_id_12_Medical_tr_50000_1st_84572.csv,12.308276176452637,0.05470009522253939,0.5993816504537532,0.06124646897430089,0.6332094734378688,0.10501596579431453,0.8593264466280339,0.11489099859353012,0.10992564931875766,0.6980629344020224
031_MITDB_id_13_Medical_tr_50000_1st_79433.csv,10.914661884307861,0.025584983626975984,0.513838010788037,0.029928849580281063,0.5965917830156925,0.04569923571221224,0.6516904246585565,0.11147540983606506,0.03826423260929074,0.6716043778146583
032_GHL_id_1_Sensor_tr_50000_1st_65001.csv,9.987979650497437,0.005590061473785371,0.18315414929946272,0.006341079226895244,0.19003678836207252,0.021861065086326393,0.01833044339856329,0.018330443398563268,0.0051063359969085965,0.7506064740404894
033_GHL_id_2_Sensor_tr_50000_1st_51001.csv,10.435163497924805,0.005028670729800078,0.10037576719422381,0.005397154995029762,0.11247341729111263,0.01928287970538048,0.01830099035408007,0.01830099035408005,0.005132273441526955,0.6690790231415459
034_GHL_id_3_Sensor_tr_50000_1st_122001.csv,10.847744464874268,0.008645070872370765,0.4560327680023073,0.009727807931671753,0.46229335294926815,0.032954631148158574,0.12976245311574652,0.01900762186817484,0.005319539675477588,0.7181346986775616
035_GHL_id_4_Sensor_tr_50000_1st_90001.csv,9.480436563491821,0.009240819028319587,0.28116339016705305,0.01016135870015056,0.2900912602570126,0.03559001361754467,0.026766906907795752,0.02676690690779572,0.004949903437655938,0.7757395112607036
036_GHL_id_5_Sensor_tr_50000_1st_67147.csv,11.47371530532837,0.007258847483834955,0.2387892724138354,0.008074138244478026,0.25582481796560647,0.02761905752510826,0.586033117350612,0.0225723367757053,0.01843012773333457,0.7925659918616271
037_GHL_id_6_Sensor_tr_50000_1st_80001.csv,10.832411289215088,0.005780935707525875,0.21329706046936991,0.006320806388654475,0.22297417095744118,0.02210093031370622,0.09615816670411144,0.018487511517541317,0.005203496883757895,0.8452637028187544
038_GHL_id_7_Sensor_tr_50000_1st_100001.csv,10.24918246269226,0.006361317172217717,0.363671929561974,0.007187215892588596,0.3732326298425115,0.024121351585989676,0.42605633802816906,0.016807555963211762,0.022656999348891694,0.6882968457277704
039_GHL_id_8_Sensor_tr_50000_1st_63030.csv,11.331647872924805,0.003567452410301336,0.1929680081391357,0.004065835570002416,0.2011551867446326,0.01400129947115284,0.051029993228040284,0.011612184840531283,0.006533425069781231,0.6680541761850987
041_GHL_id_10_Sensor_tr_50000_1st_57001.csv,10.65792989730835,0.005287830631951073,0.1542834297658975,0.005593042701987294,0.16323126185793702,0.02013067855595597,0.01837952986054346,0.01837952986054344,0.005320529643667925,0.748457267124437
042_GHL_id_11_Sensor_tr_50000_1st_150001.csv,9.981377601623535,0.01257832118018772,0.707205345967717,0.01564542816485407,0.709775502805363,0.047132967622103165,0.42130097741826766,0.015341410893790978,0.014160000850906008,0.8189269124933348
043_GHL_id_12_Sensor_tr_39938_1st_40038.csv,10.565747499465942,0.0028204911110735653,0.07827112559778035,0.0030982677721766486,0.08484629130957573,0.011042474002466135,0.010455058666706457,0.010455058666706447,0.005566663577018313,0.7971170174595283
044_GHL_id_13_Sensor_tr_50000_1st_145001.csv,9.909056663513184,0.01246673390239272,0.6433742780588473,0.013879792616253446,0.6471343161046904,0.04633981876398136,0.13450207317960283,0.018320625814346347,0.005469791162840919,0.6667144015504195
045_GHL_id_14_Sensor_tr_50000_1st_85076.csv,9.860875129699707,0.00823855745270468,0.4809854578918402,0.008911065781243323,0.48969419030630346,0.031152122112355973,0.23632239124633037,0.01755455442060552,0.005488009891432848,0.7042377551196362
046_GHL_id_15_Sensor_tr_50000_1st_156462.csv,10.303435564041138,0.05776451569282721,0.9530197329053607,0.07325832111649005,0.9546892149207459,0.18756926381104658,0.9991935483870967,0.4999999999999996,0.25050382910116886,0.8522170684109212
047_GHL_id_16_Sensor_tr_50000_1st_77001.csv,9.813313722610474,0.008497956976298302,0.22367275083148763,0.009051260015526672,0.23568233949430614,0.03232789388123245,0.02691290793575628,0.02691290793575625,0.005105755391644005,0.7809315517478429
048_GHL_id_17_Sensor_tr_50000_1st_154001.csv,9.972957611083984,0.028549659833657676,0.6997187099318881,0.031429237516583504,0.7032272668569602,0.10148032934999339,0.24586758197091502,0.03519940270061839,0.0054654936371922045,0.8251861549734164
050_GHL_id_19_Sensor_tr_43750_1st_55001.csv,11.062595844268799,0.017731809052203704,0.8270559721890646,0.019548130441321327,0.8322955967797948,0.05285281627564548,1.0,0.9999999999999996,0.3343169076423724,0.9967696140778186
051_GHL_id_20_Sensor_tr_50000_1st_75110.csv,10.015826940536499,0.003769692960017417,0.223832534056224,0.004171775255542392,0.2311935789820308,0.014741503473804473,0.011839495802496137,0.011839495802496124,0.006641479973790969,0.7840885827675643
052_GHL_id_21_Sensor_tr_50000_1st_98001.csv,11.000908851623535,0.0038563415758886854,0.3806987059224882,0.004145454603510856,0.38355342020081545,0.014812633761419903,0.009663085718835056,0.009663085718835044,0.005773352795854602,0.801163137903636
053_GHL_id_22_Sensor_tr_50000_1st_126448.csv,11.484401226043701,0.034181632306336356,0.5449746993065359,0.037396758315544856,0.5512042453186025,0.12320891014453124,0.5485536183890133,0.06287894930554204,0.03158082189149433,0.8166622686639189
054_GHL_id_23_Sensor_tr_50000_1st_135001.csv,9.878897666931152,0.02263262545174723,0.6099780134561892,0.024463829580878314,0.6168911238316985,0.08028829559931876,0.5813992319251962,0.036655639215840224,0.0165747299482574,0.7244501030403393
055_GHL_id_24_Sensor_tr_50000_1st_118124.csv,10.816301822662354,0.005328819681687565,0.5398653614614086,0.005733500636688044,0.5436981070256662,0.01986670099880687,0.010039351471824646,0.010039351471824633,0.006375846347790096,0.6715588122601073
056_GHL_id_25_Sensor_tr_50000_1st_105568.csv,10.411915063858032,0.013406881858534662,0.43294010331003113,0.014800090432798287,0.44090960715997274,0.050596349814213466,0.6494768310911808,0.030953412357736354,0.021461591427497238,0.7767686149097723
057_SMD_id_1_Facility_tr_4529_1st_4629.csv,1.6644601821899414,0.38987738690424023,0.9123028112623903,0.332709525339089,0.9083677329266823,0.41786987414167925,0.8571428571428571,0.6903870162297122,0.35975550504361353,0.8468672391887437
058_SMD_id_2_Facility_tr_1087_1st_1187.csv,0.7274653911590576,0.28424468004890513,0.9107798210627938,0.2993718799222214,0.9362534598920764,0.35799448628360103,0.6535375638220277,0.54054054054054,0.49818429736256253,0.8289615905942498
059_SMD_id_3_Facility_tr_757_1st_857.csv,0.6182122230529785,0.38917887154153663,0.8911133051216035,0.15916460319337164,0.7946914536878682,0.3990563785285738,0.9409448818897638,0.5714285714285711,0.28180977740687396,0.6754067076781395
060_SMD_id_4_Facility_tr_7176_1st_10609.csv,2.082850694656372,0.17429502031747493,0.6862710187948863,0.06232845918288964,0.7359914842500304,0.2312352154695821,0.8348993288590603,0.33333333333333304,0.12605447095685707,0.6844694892579564
061_SMD_id_5_Facility_tr_7176_1st_15144.csv,2.1575565338134766,0.4658602201624939,0.8728932302985069,0.3960647778954781,0.8900704577700408,0.4715944051871066,0.8756326825741143,0.672443674176776,0.3540630592220014,0.8188494539416863
063_SMD_id_7_Facility_tr_5923_1st_6506.csv,1.8186933994293213,0.32149316742695766,0.848311905098,0.28530910841469037,0.8532082019713222,0.3805478056142683,0.9192085737840066,0.6329602470088764,0.2708124399480523,0.839480454463199
064_SMD_id_8_Facility_tr_2272_1st_2372.csv,1.0728404521942139,0.25002319262195405,0.8586420177513969,0.27666296196646856,0.8908902067435801,0.2655002047409872,0.9498069498069498,0.7058823529411759,0.3060232742951958,0.901013010453245
065_SMD_id_9_Facility_tr_737_1st_837.csv,0.630216121673584,0.6849943625809042,0.9228537475142928,0.6954456224611097,0.9297991469428213,0.7171123920798835,0.9918495297805643,0.8484026986229625,0.5616647581432753,0.8942727497913397
066_SMD_id_10_Facility_tr_2634_1st_2734.csv,1.0981707572937012,0.5934075543286491,0.9635630510098627,0.5077939486973725,0.9567681693844843,0.6520455586815019,0.988089073019161,0.7575757575757569,0.3255000862377886,0.7795171175889154
067_SMD_id_11_Facility_tr_1980_1st_2080.csv,0.8746578693389893,0.028738497010813546,0.20608692235481835,0.02972189286998994,0.21612928903493694,0.09249459934845325,0.13689292814541323,0.1999999999999998,0.44788758057832573,0.690211364907885
068_SMD_id_12_Facility_tr_1099_1st_1199.csv,0.910428524017334,0.356203749834666,0.8183552251740485,0.15159963781530605,0.821186982718552,0.4592554908402496,0.7747440273037542,0.5571847507331373,0.23503713411970295,0.752266069530591
069_SMD_id_13_Facility_tr_5925_1st_12760.csv,1.9022023677825928,0.15300070055431456,0.6155137716793114,0.1502769160129647,0.6133395922503407,0.25698682151595087,0.9262266148958701,0.42857142857142816,0.2550567404112703,0.7334020303402178
070_SMD_id_14_Facility_tr_1070_1st_1170.csv,0.734630823135376,0.3078494912622698,0.837192527584987,0.16197736708633811,0.8337537171675912,0.4276685115765852,0.5365025466893037,0.567839195979899,0.39056723533011767,0.7515508333432064
071_SMD_id_15_Facility_tr_1109_1st_1209.csv,0.7451744079589844,0.4007606355210144,0.8169701177942934,0.21243213445974946,0.8121660521503525,0.4630032652226382,0.7925608011444921,0.5935251798561145,0.20981023988542788,0.8104978979518697
073_SMD_id_17_Facility_tr_5926_1st_10620.csv,1.9044828414916992,0.5701481076614541,0.9377726001863933,0.3463232761087972,0.9511695107134325,0.6511579232381154,0.9528795811518325,0.8333333333333327,0.5380579562158,0.8410997154401532
074_SMD_id_18_Facility_tr_7174_1st_21230.csv,2.237088680267334,0.10856234376047219,0.8879691007910532,0.06841626402431324,0.921266116463767,0.14775947551479474,0.7777777777777778,0.4999999999999996,0.7705139662244219,0.7902697636395153
075_SMD_id_19_Facility_tr_564_1st_664.csv,0.6336269378662109,0.6088875301346657,0.9282216565336158,0.18028411554223256,0.873838711969765,0.7207822112427278,0.8448753462603878,0.20095080391004724,0.1646567585565157,0.6888177882296895
076_SMD_id_20_Facility_tr_5925_1st_17580.csv,1.8640844821929932,0.9637071308060514,0.9911576033530136,0.8957067573635937,0.9921140540036865,0.9777727802724564,1.0,0.9999999999999996,0.9823008849557522,0.9999962003774199
077_SMD_id_21_Facility_tr_3026_1st_3126.csv,1.0773236751556396,0.1282784988056607,0.7668506968017164,0.15018520845350405,0.8459212676399862,0.14800666446808747,0.5403788634097707,0.35149863760217936,0.17605554354264014,0.7509686337248749
078_SMD_id_22_Facility_tr_500_1st_326.csv,0.6280534267425537,0.6586148840145418,0.7923856455671153,0.21181828168784889,0.5582923384589061,0.7625097913307567,0.8796147672552167,0.37499999999999967,0.5131194432198206,0.7665047210387919
079_LTDB_id_1_Medical_tr_3618_1st_3718.csv,1.759577989578247,0.4055950475922035,0.700957013820556,0.47598011530948603,0.7939718490070976,0.3736491688435228,0.9993239131904537,0.9956709956709952,0.39523378762301353,0.9393627006233838
080_LTDB_id_2_Medical_tr_500_1st_266.csv,1.1328339576721191,0.1340138392729051,0.4626791352703477,0.1875380626897262,0.5615808600265865,0.25871166617586033,0.48207517372078335,0.2587065542940723,0.2560443733686844,0.6867429896896148
081_LTDB_id_3_Medical_tr_500_1st_26.csv,1.065920114517212,0.4512273646894146,0.606193227414878,0.5003937417113511,0.6739691167830141,0.4801100015374248,0.9906630496498644,0.8880576154693584,0.33565573095760287,0.8553829985267175
083_LTDB_id_5_Medical_tr_15502_1st_15602.csv,4.536036968231201,0.02992948594250304,0.6679939934291936,0.021410073663935898,0.6780557919617783,0.09111665741579492,0.957345971563981,0.4418604651162787,0.2982016959977102,0.9229557889141506
084_SVDB_id_1_Medical_tr_12973_1st_13073.csv,4.951536417007446,0.0580172460254339,0.5927308291393378,0.03674069245943281,0.6714981884754121,0.0785856492430614,0.6831896551724138,0.5276013678553976,0.15904552401862665,0.7017770173857503
085_SVDB_id_2_Medical_tr_50000_1st_54982.csv,10.112026453018188,0.05998583633886742,0.52118002917986,0.05706395857787582,0.6080239509442482,0.08205288335301704,0.8531893004115226,0.6823027718550102,0.20904042094799488,0.7589320313284392
086_SVDB_id_3_Medical_tr_533_1st_633.csv,2.125622272491455,0.08188223693865164,0.5300062761352831,0.11009227312481289,0.6287874047998063,0.147019290200553,0.7048594847775177,0.18963684181075469,0.13210111668278687,0.72631751098735
087_SVDB_id_4_Medical_tr_5421_1st_5521.csv,3.22306227684021,0.22297299880540786,0.6626857921736466,0.23426241076485546,0.7221785265889218,0.23835474802996265,0.970102527979964,0.9523512652506494,0.36021355635872876,0.9458455301243781
088_SVDB_id_5_Medical_tr_500_1st_168.csv,2.190563678741455,0.10526563753987793,0.4938530139094353,0.1438084914918667,0.6046136621894409,0.18066092576950782,0.9006608881843076,0.3843662542023828,0.15144726468629496,0.7107478314883768
089_SVDB_id_6_Medical_tr_50000_1st_83083.csv,8.40502643585205,0.0425782844321266,0.6635894036803439,0.03248555222133333,0.6920170557331949,0.07467466677233979,0.9407916257769054,0.5594405594405589,0.2203056262180886,0.7768576404138346
091_SVDB_id_8_Medical_tr_500_1st_126.csv,2.097289800643921,0.17203536696722585,0.5952430606184148,0.17998472230620657,0.6619823663284654,0.2252182876990333,0.9424706241840051,0.7646180356117168,0.24518711015163205,0.8067705539241408
092_SVDB_id_9_Medical_tr_2674_1st_2774.csv,2.553577423095703,0.20995338345388845,0.6308968597156239,0.20192227391420983,0.6719394648844565,0.24389271978991042,0.9126335113484646,0.7203540723406414,0.2282365740570222,0.8104664101568159
093_SVDB_id_10_Medical_tr_500_1st_37.csv,2.1163394451141357,0.09267073242977383,0.5076838994083883,0.13076976372561042,0.623980541267037,0.1488125657676397,0.7759348612786489,0.5202312138728318,0.16716434902311758,0.7144541866327828
094_SVDB_id_11_Medical_tr_20100_1st_23611.csv,5.0391011238098145,0.05750326190498317,0.5785060326649906,0.0283519684230294,0.6480775811354063,0.07911456400518949,0.9008714596949892,0.7692307692307687,0.25838237788259055,0.8349171543995726
095_SVDB_id_12_Medical_tr_6264_1st_6364.csv,3.3416924476623535,0.03928433630100681,0.4836798999643691,0.045691066261830386,0.5730591657433337,0.06275979015053867,0.8707073295745772,0.3589743589743585,0.1099379334767646,0.7172293874240129
096_SVDB_id_13_Medical_tr_500_1st_444.csv,2.477144718170166,0.04503929809288995,0.4902288314023279,0.05049266936818896,0.5788774830625347,0.06499497828376037,0.8864823051634114,0.47474132684114384,0.13415059733745044,0.7533880758481225
097_SVDB_id_14_Medical_tr_1031_1st_1131.csv,2.115993022918701,0.4448381197904784,0.6987554413154122,0.48654977683392775,0.7828189921257365,0.4103073929711484,0.9979988101033047,0.9975903614457826,0.41373675500462037,0.97734599233794
098_SVDB_id_15_Medical_tr_500_1st_303.csv,2.0880045890808105,0.13784777726686923,0.5215334634283314,0.1569577866857327,0.6459192567500885,0.12853254214334028,0.8675189040724288,0.7287400169544455,0.22367995795154197,0.7931455249026137
099_SVDB_id_16_Medical_tr_1115_1st_1215.csv,2.511115312576294,0.2743027866885304,0.7032690512324236,0.2995754735814827,0.7870418252946421,0.2845533364274846,0.8608503751655142,0.7584457937694811,0.27075098372905937,0.8259494754990896
100_SVDB_id_17_Medical_tr_17803_1st_17903.csv,5.282028913497925,0.04211888302982927,0.5828445261307381,0.05284132081790581,0.6540195944921613,0.1026063361584008,0.682907023954527,0.12417566998737183,0.07738639366694955,0.7287906779535757
101_SVDB_id_18_Medical_tr_1851_1st_1951.csv,2.3495054244995117,0.13406141335071958,0.6442132543172026,0.16142239191112462,0.7173683686956605,0.24250445888178282,0.9205605998291625,0.5376596333539803,0.25537083225089735,0.8503703602641036
102_SVDB_id_19_Medical_tr_50000_1st_107354.csv,9.51089882850647,0.23530383631028495,0.7637398784153169,0.21714144519886822,0.7704606977089391,0.2733932308924421,0.9885463216793721,0.7653085537288533,0.2156785347194622,0.8156945097138619
103_SVDB_id_20_Medical_tr_12167_1st_12267.csv,4.63758397102356,0.030007206369171317,0.5244765287678366,0.03749525019071888,0.6015763669907083,0.06735698156014577,0.601496989138387,0.07641048422923137,0.05793673217876848,0.6793104354489262
104_SVDB_id_21_Medical_tr_50000_1st_106634.csv,9.362277269363403,0.12490240551742413,0.6984440748813338,0.07710719086971532,0.7384019276096064,0.16300775945340257,0.9364670204700529,0.8600979858464883,0.3270887747191549,0.8934089600424509
105_SVDB_id_22_Medical_tr_500_1st_417.csv,1.4531371593475342,0.16866928612008628,0.6252925952472357,0.20211984021287058,0.708611274533822,0.2102191341433589,0.9665350404850225,0.921501706484641,0.3276512752375506,0.8826135362479491
106_SVDB_id_23_Medical_tr_37500_1st_121963.csv,10.137303590774536,0.0605853691915959,0.7241498085097986,0.019838550873503433,0.7398701738537203,0.10782825726942442,1.0,0.9999999999999996,0.34637964774951074,0.9984708407847163
108_SVDB_id_25_Medical_tr_1238_1st_1338.csv,2.305506467819214,0.2969913052062273,0.7258149007167198,0.2753648308118137,0.7735375770442174,0.3236322618832278,0.948270893371758,0.8720105870120043,0.3535968485573372,0.8956118011671869
109_SVDB_id_26_Medical_tr_1038_1st_1138.csv,2.140151023864746,0.13995772578583288,0.5464988961959416,0.18434796512827015,0.6566709502571858,0.18075061544732232,0.8475090153203023,0.49362197696945903,0.17583899985718715,0.7424656413969701
110_SVDB_id_27_Medical_tr_30824_1st_30924.csv,9.000329494476318,0.05166903969949251,0.5950068730175699,0.0581244020735008,0.6626956003972844,0.08794095299690793,0.8886326954115749,0.39609902475618847,0.1355000004853607,0.725829508505769
111_SVDB_id_28_Medical_tr_1791_1st_1891.csv,2.4464921951293945,0.25681345905595987,0.6729726283911388,0.25078941026059876,0.6749601249922111,0.24957717406320468,0.9999317607988536,0.9988826815642452,0.39312754226792784,0.9723613968849589
112_SVDB_id_29_Medical_tr_8226_1st_8326.csv,3.737671136856079,0.009892205496597686,0.43856237993821534,0.014077613068212827,0.5473542693312454,0.02197120011139905,0.6134134134134134,0.0626631853785898,0.04245788174939816,0.6710091384691445
114_SVDB_id_31_Medical_tr_25000_1st_63090.csv,6.732730150222778,0.005628275428667106,0.5145469967630472,0.005784933743194613,0.5422493638657416,0.014280883975055333,0.9920159680638723,0.1999999999999998,0.16722296395193592,0.7144697111945949
115_PSM_id_1_Facility_tr_50000_1st_129872.csv,10.931453943252563,0.1893330034252531,0.7400839798667461,0.20891284137150135,0.7018935811008569,0.3381095904161773,0.6717952337262099,0.3286023761553591,0.45287856289081585,0.7390678374016145
116_TAO_id_1_Environment_tr_500_1st_3.csv,0.37125539779663086,0.9777684596128858,0.9991038782916227,0.9914872433551546,0.9996829083236441,0.9668957029822587,0.9670329670329672,0.966458534869404,0.9735108282931368,0.9886840278731294
117_TAO_id_2_Environment_tr_500_1st_1.csv,0.36963510513305664,0.9950734458325992,0.9994161100802026,0.9974969490837082,0.9996995215109425,0.9867665409933696,0.9867525957751521,0.9857848047124959,0.9889230716155646,0.9933617672367733
118_TAO_id_3_Environment_tr_500_1st_7.csv,0.36003804206848145,0.9624720318070917,0.9987914317031809,0.9659227986217804,0.9987876990467384,0.9602335730609401,0.9602385685884692,0.9600324548486938,0.9774649023867464,0.9918451863274254
119_TAO_id_4_Environment_tr_500_1st_1.csv,0.3526124954223633,0.9894938327264781,0.9993076992745684,0.9991599034572131,0.9999395492597453,0.978472690624261,0.979506043089858,0.9793173731561532,0.9856517059039833,0.9942267067001773
121_TAO_id_6_Environment_tr_500_1st_7.csv,0.3527858257293701,0.9909886061752042,0.9991882504666155,0.9980268710885425,0.9997847290465053,0.9814050322632274,0.982098982098982,0.9815406234031676,0.9856057470615632,0.9921905696580767
122_TAO_id_7_Environment_tr_500_1st_19.csv,0.34679079055786133,0.9827477581242138,0.9989862836569208,0.9962294952331153,0.9997167495889943,0.9796930747921708,0.9797612869745718,0.9795281413556839,0.9882541624519509,0.9941353625833109
123_TAO_id_8_Environment_tr_500_1st_62.csv,0.35846757888793945,0.9820717179765883,0.9993612976601132,0.997600774667902,0.9999110690115702,0.9655820455642438,0.9634888438133875,0.9628652460593198,0.9712842837300154,0.9868556501657486
124_TAO_id_9_Environment_tr_500_1st_1.csv,0.35012269020080566,0.9802313891403939,0.9992710005044911,0.9956594117978939,0.9998410034236404,0.9644620069624369,0.9645390070921985,0.9640702728236371,0.9738660675303462,0.9884541752604392
125_TAO_id_10_Environment_tr_500_1st_9.csv,0.39423227310180664,0.9881591730280894,0.999186956744202,0.9996402225602684,0.9999721525465635,0.9775874975958628,0.9765990639625585,0.9763916755759284,0.9856411586748228,0.9935827866261652
127_TAO_id_12_Environment_tr_500_1st_24.csv,0.39107608795166016,0.9516297486515584,0.998589096976559,0.9485393881123922,0.9981408646803537,0.959672421840053,0.9587939698492463,0.9583134778143934,0.9751551952266881,0.9887956716415551
128_TAO_id_13_Environment_tr_500_1st_7.csv,0.34650230407714844,0.9909886061752042,0.9991882504666155,0.9980268710885425,0.9997847290465053,0.9814050322632274,0.982098982098982,0.9815406234031676,0.9856057470615632,0.9921905696580767
129_OPPORTUNITY_id_1_HumanActivity_tr_1801_1st_1901.csv,2.6208181381225586,0.4306640078648065,0.8320381811604987,0.3527752078562735,0.8372920601636439,0.5532276263727327,0.8110236220472441,0.6666666666666662,0.3761232349165597,0.7801361262453074
130_OPPORTUNITY_id_2_HumanActivity_tr_1045_1st_1145.csv,0.7631998062133789,0.9896653864767904,0.9993471199904408,0.9968639857150312,0.999801975764061,0.9883301009081733,1.0,0.9999999999999996,0.9834002270031412,0.9994660202969071
132_OPPORTUNITY_id_4_HumanActivity_tr_895_1st_995.csv,1.033489465713501,0.08879754668598923,0.7745638716938661,0.08978019213331928,0.7750791164698725,0.22484990735128144,0.783542039355993,0.22339246119733902,0.13346447570168563,0.6676160260183176
133_OPPORTUNITY_id_5_HumanActivity_tr_1745_1st_6500.csv,1.1858272552490234,0.9982616557512428,0.9998733974358974,0.9972802089206179,0.9998631473735393,0.984610385824195,1.0,0.9999999999999996,0.93841642228739,0.9998488011633798
134_OPPORTUNITY_id_6_HumanActivity_tr_1477_1st_1577.csv,1.846449375152588,0.032420604613363345,0.7035515444150049,0.03284047318099578,0.7036662499131892,0.09925532902586628,0.25530384753685725,0.09882486195667552,0.15586468970289488,0.66685244039258
135_OPPORTUNITY_id_7_HumanActivity_tr_2085_1st_2185.csv,2.3749842643737793,0.7663412300899125,0.9611791470916257,0.6601404738401402,0.9563674388650915,0.8372993532796824,0.8630993745656705,0.7717121588089325,0.24498980736268156,0.7269873327884083
136_OPPORTUNITY_id_8_HumanActivity_tr_1495_1st_1595.csv,2.6546361446380615,0.2370881266464836,0.7838635894321287,0.16205816874059115,0.7852633813524619,0.3636330357219676,0.4863813229571985,0.6495176848874593,0.61229092275888,0.7618299068138507
137_CreditCard_id_1_Finance_tr_500_1st_541.csv,4.9864819049835205,0.12397994152339639,0.9260836450581763,0.06972524387580553,0.954306702103231,0.23048736127881447,0.2285714285714286,0.21193191711648915,0.21136063408190225,0.7314823148368446
138_CATSv2_id_1_Sensor_tr_16568_1st_16668.csv,5.28816819190979,0.07953820709405292,0.7858513954081632,0.06747584373528057,0.801842918705212,0.15310532282616157,0.787878787878788,0.7999999999999995,0.7690787218204675,0.7967036798210939
139_CATSv2_id_2_Sensor_tr_5592_1st_5692.csv,3.882667303085327,0.06490518317814065,0.4898065769156533,0.04338585139620046,0.35290837080093307,0.14129038902957844,0.3612281757977122,0.24537640010419332,0.7775231498349934,0.7473285467324277
141_CATSv2_id_4_Sensor_tr_41727_1st_41827.csv,9.963868618011475,0.374114823376435,0.8039735347632406,0.24313038130213338,0.7709187263027631,0.4283052828815087,0.7347688539646904,0.657527969758295,0.4275479288329855,0.7850798471228595
142_CATSv2_id_5_Sensor_tr_30704_1st_30804.csv,12.57154369354248,0.06764443386648639,0.5013491315903658,0.05836306804839158,0.45727871366380624,0.10131536148736744,0.5092341118957088,0.27817305485425703,0.35435494728328853,0.7081042826964308
143_CATSv2_id_6_Sensor_tr_50000_1st_60232.csv,9.953999757766724,0.1808573698681658,0.7848895255102041,0.12624561468656853,0.8079751916884161,0.29214326711782895,0.6095944871455076,0.7138286526839667,0.3128723740574086,0.8228034935877284
144_SMAP_id_1_Sensor_tr_2052_1st_5300.csv,0.597923994064331,0.9124891166498091,0.9702223154109015,0.9124551269531507,0.9727129163524957,0.8421495793328839,1.0,0.9999999999999996,0.341967536407767,0.9996969400840322
145_SMAP_id_2_Sensor_tr_2133_1st_5400.csv,0.5803477764129639,0.4675229508845093,0.7463494764990288,0.47068780717007735,0.7680026449474263,0.4899843147587915,1.0,0.9999999999999996,0.5949481281010375,0.9909220810852416
146_SMAP_id_3_Sensor_tr_2128_1st_5000.csv,0.6146154403686523,0.1578711855824626,0.892738817250645,0.16531722867367593,0.9034765249453335,0.35963833705249065,0.9409888357256778,0.3831775700934576,0.20519529537967413,0.7838806834724343
147_SMAP_id_4_Sensor_tr_2160_1st_6449.csv,0.8365843296051025,0.01852159016409729,0.46193680824292616,0.02629435506507138,0.5629423628275283,0.08045523426945878,0.9272030651340997,0.11016949152542362,0.12626262626262627,0.7128626730780538
148_SMAP_id_5_Sensor_tr_2011_1st_5060.csv,0.6061956882476807,0.05095575944606888,0.6748038715170744,0.03816247945019382,0.7046408535079594,0.1304312595469568,0.9594594594594594,0.4999999999999996,0.4883933104154128,0.857590623141029
150_SMAP_id_7_Sensor_tr_2077_1st_5394.csv,0.6052489280700684,0.684900125179318,0.951817012085638,0.6857876825653608,0.9579040957958996,0.6666617255442103,1.0,0.9999999999999996,0.3831990794016111,0.998464098023228
151_SMAP_id_8_Sensor_tr_1971_1st_4870.csv,0.5866410732269287,0.289770231545587,0.898799606988765,0.19769516543473162,0.8995329302055991,0.36089749342029365,1.0,0.9999999999999996,0.4482758620689655,0.9981244366838529
152_SMAP_id_9_Sensor_tr_2073_1st_5600.csv,0.61092209815979,0.050636553689860433,0.4262126108638461,0.04493405564001461,0.46863515412481305,0.07504661742447019,1.0,0.9999999999999996,0.34365325077399383,0.9836798942137246
153_SMAP_id_10_Sensor_tr_1840_1st_4030.csv,0.6298403739929199,0.007893589457447867,0.6407636945221911,0.019599464266839617,0.7780505502343938,0.0212627898964452,0.26282051282051283,0.021478205938092205,0.02900418949403803,0.699711346605852
154_SMAP_id_11_Sensor_tr_2117_1st_4770.csv,0.5875284671783447,0.016158272089570023,0.5819516328947004,0.017351310938540983,0.5840472342054043,0.05771949265182355,0.0946421587798201,0.05727923627684958,0.1872126394584447,0.7671518717235702
155_SMAP_id_12_Sensor_tr_1907_1st_4800.csv,0.5948021411895752,0.5559565595772976,0.9646582666325075,0.4460239008118476,0.9667539489577376,0.6133289813642133,1.0,0.9999999999999996,0.5593220338983051,0.9993485945267787
156_SMAP_id_13_Sensor_tr_1173_1st_2750.csv,0.5465261936187744,0.6086656768799864,0.8430147586824475,0.6373254551835543,0.8814220511277953,0.7249953781544642,1.0,0.9999999999999996,0.7914691943127963,0.9994900113284363
157_SMAP_id_14_Sensor_tr_2126_1st_5000.csv,0.6324601173400879,0.14289400044058373,0.8574885974027354,0.14866437330643578,0.8681177005197414,0.33876858687214423,0.971342383107089,0.3660477453580898,0.20151867290194492,0.8005849155030168
158_SMAP_id_15_Sensor_tr_2075_1st_5610.csv,0.6074295043945312,0.31424951992005523,0.7554246619706907,0.2045183072527681,0.8227423240713642,0.44185689564808905,1.0,0.9999999999999996,0.5897435897435898,0.998061235687895
159_SMAP_id_16_Sensor_tr_1757_1st_2650.csv,0.5835151672363281,0.7953618600402156,0.9811882018689277,0.7947936777463492,0.983913943765991,0.7417170221893777,1.0,0.9999999999999996,0.6509541636588904,0.9978939101346309
160_SMAP_id_17_Sensor_tr_1832_1st_5300.csv,0.5849220752716064,0.5242331360588853,0.7946107516448393,0.5218783557155741,0.7958965949435631,0.6077595898653303,1.0,0.9999999999999996,0.3358098068350669,0.9858008355755669
161_SMAP_id_18_Sensor_tr_2075_1st_5550.csv,0.5998163223266602,0.1743857691010127,0.7857658070209951,0.1598541314341848,0.8118749332995158,0.2646268617485714,1.0,0.9999999999999996,0.37950138504155123,0.986420690082164
162_SMAP_id_19_Sensor_tr_1908_1st_4690.csv,0.5809111595153809,0.8900285388498427,0.9976149148456697,0.9307764929253893,0.9997112639664707,0.866661672251004,1.0,0.9999999999999996,0.5918762088974855,0.9998848095500276
163_SMAP_id_20_Sensor_tr_2051_1st_4575.csv,0.5958409309387207,0.036233448047001765,0.6990353555467056,0.04084546263233539,0.7347200186997904,0.09628824455470443,0.5942492012779552,0.09936189608021867,0.08727712028294081,0.752858446495497
165_SMAP_id_22_Sensor_tr_2129_1st_5000.csv,0.613814115524292,0.07565228921063362,0.5699605512597639,0.08498029285196125,0.612241914188335,0.23000075365927447,0.9593956562795091,0.2522281639928696,0.35340195570869637,0.7480093306588889
166_SMAP_id_23_Sensor_tr_1113_1st_1890.csv,0.5260043144226074,0.20377757400360644,0.5813800499745705,0.12509440048319168,0.5824101803736076,0.30768897192965533,1.0,0.9999999999999996,0.5133884217413429,0.9984626377077525
167_SMAP_id_24_Sensor_tr_2094_1st_5600.csv,0.5815160274505615,0.007767023135797994,0.6911876161353095,0.009398575046864314,0.6937547562671611,0.02790986775055523,0.0389363722697056,0.027824906684764138,0.35496183206106874,0.8417894026818413
168_SMAP_id_25_Sensor_tr_1998_1st_2098.csv,0.5892307758331299,0.6710429068023606,0.9852377191392392,0.7128754438887112,0.9935459664011312,0.6396540805316299,1.0,0.9999999999999996,0.37111545785457983,0.9947485292670096
169_SMAP_id_26_Sensor_tr_1811_1st_4510.csv,0.5826807022094727,0.04565735447108457,0.7046550948547318,0.07415002183621522,0.8614456916264044,0.16768076226953915,0.9364161849710982,0.1538461538461537,0.25757575757575757,0.666776285769632
170_SMAP_id_27_Sensor_tr_2160_1st_4690.csv,0.8165960311889648,0.009037451844470173,0.48880255784371024,0.01567000852243644,0.6392328084972363,0.021638555769598704,0.2910958904109589,0.02101751459549622,0.029098832356636413,0.7575619802740092
171_SWaT_id_1_Sensor_tr_3749_1st_9522.csv,1.349961280822754,0.34998117619205166,0.8495086086850846,0.39650210608301223,0.8523595074777907,0.49547075438324295,0.6354290233293792,0.49654324781072323,0.37666657153818806,0.7567880516718993
172_SWaT_id_2_Sensor_tr_23700_1st_23800.csv,13.901482343673706,0.7888443275403073,0.8719940863176614,0.47003098053463394,0.6348164270837913,0.7958000887088508,0.879968746947944,0.5478479332209023,0.2873544586959385,0.7068616291343586
173_GECCO_id_1_Sensor_tr_16165_1st_16265.csv,5.307496786117554,0.24016426756473874,0.7202321800215554,0.038531994302724124,0.6277584753187611,0.33789996989457943,0.5682289506428868,0.1454545454545453,0.23859014881252893,0.8430487670461754
174_Exathlon_id_1_Facility_tr_10766_1st_12590.csv,3.1035077571868896,0.9996682922205198,0.9999493032057516,0.9996647886443569,0.9999706656408812,0.9927359721870143,1.0,0.9999999999999996,0.9936632985902992,0.9999549247992559
175_Exathlon_id_2_Facility_tr_10684_1st_10784.csv,3.059929370880127,0.9580496357611266,0.9984685937445169,0.967609745372333,0.9985868480003536,0.9542668118321507,0.9964478358110774,0.994213919656141,0.8482505341493914,0.9941999317623816
176_Exathlon_id_3_Facility_tr_10766_1st_12590.csv,3.2826390266418457,0.9993261370953876,0.9998950724949739,0.9991228412297666,0.9998899369478974,0.9934263999654345,1.0,0.9999999999999996,0.9185909700716552,0.9999896650550469
177_Exathlon_id_4_Facility_tr_11665_1st_13484.csv,3.4108664989471436,0.9932403058673346,0.9995376317825563,0.9918417403922184,0.9995696865741838,0.956205598108267,1.0,0.9999999999999996,0.8019995535767585,0.9997926245992136
179_Exathlon_id_6_Facility_tr_11665_1st_13484.csv,3.4928812980651855,0.9872673935108117,0.9987589819936533,0.9852415960396693,0.9988590744720254,0.9504026088696393,1.0,0.9999999999999996,0.5960149276042687,0.9996931349233072
180_Exathlon_id_7_Facility_tr_10766_1st_12590.csv,3.236978054046631,0.9993261370953876,0.9998950724949739,0.9991228412297666,0.9998899369478974,0.9934263999654345,1.0,0.9999999999999996,0.9185909700716552,0.9999896650550469
181_Exathlon_id_8_Facility_tr_11663_1st_13482.csv,3.331519842147827,0.9936887929899026,0.9993738913119463,0.9928868338858735,0.9993838199707302,0.9853977141891643,1.0,0.9999999999999996,0.9867655207499109,0.9999516933355465
182_Exathlon_id_9_Facility_tr_10766_1st_12590.csv,3.0831096172332764,0.9993261370953876,0.9998950724949739,0.9991228412297666,0.9998899369478974,0.9934263999654345,1.0,0.9999999999999996,0.9185909700716552,0.9999896650550469
183_Exathlon_id_10_Facility_tr_11665_1st_13484.csv,3.439403772354126,0.9932403058673346,0.9995376317825563,0.9918417403922184,0.9995696865741838,0.956205598108267,1.0,0.9999999999999996,0.8019995535767585,0.9997926245992136
184_Exathlon_id_11_Facility_tr_11665_1st_13484.csv,3.6948354244232178,0.9932403058673346,0.9995376317825563,0.9918417403922184,0.9995696865741838,0.956205598108267,1.0,0.9999999999999996,0.8019995535767585,0.9997926245992136
185_Exathlon_id_12_Facility_tr_11665_1st_13484.csv,3.382923126220703,0.9932403058673346,0.9995376317825563,0.9918417403922184,0.9995696865741838,0.956205598108267,1.0,0.9999999999999996,0.8019995535767585,0.9997926245992136
186_Exathlon_id_13_Facility_tr_10766_1st_12590.csv,3.3921456336975098,0.9993261370953876,0.9998950724949739,0.9991228412297666,0.9998899369478974,0.9934263999654345,1.0,0.9999999999999996,0.9185909700716552,0.9999896650550469
187_Exathlon_id_14_Facility_tr_6193_1st_6293.csv,2.0587289333343506,0.9838538044620166,0.9966299838939728,0.9855589005292981,0.9974495772058073,0.9590822695469816,1.0,0.9999999999999996,0.5961369277074445,0.9995857307806302
188_Exathlon_id_15_Facility_tr_12538_1st_12638.csv,4.65630578994751,0.9867938898539181,0.9929634957575841,0.9920151090675681,0.9972446319221466,0.9678044597038755,1.0,0.9999999999999996,0.687210653416051,0.9996465139235863
189_Exathlon_id_16_Facility_tr_11663_1st_13482.csv,3.4152450561523438,0.9936887929899026,0.9993738913119463,0.9928868338858735,0.9993838199707302,0.9853977141891643,1.0,0.9999999999999996,0.9867655207499109,0.9999516933355465
190_Exathlon_id_17_Facility_tr_12538_1st_12638.csv,4.857959032058716,0.9867938898539181,0.9929634957575841,0.9920151090675681,0.9972446319221466,0.9678044597038755,1.0,0.9999999999999996,0.687210653416051,0.9996465139235863
191_Exathlon_id_18_Facility_tr_11665_1st_13484.csv,3.3943350315093994,0.9932403058673346,0.9995376317825563,0.9918417403922184,0.9995696865741838,0.956205598108267,1.0,0.9999999999999996,0.8019995535767585,0.9997926245992136
192_Exathlon_id_19_Facility_tr_11665_1st_13484.csv,3.6657238006591797,0.9932403058673346,0.9995376317825563,0.9918417403922184,0.9995696865741838,0.956205598108267,1.0,0.9999999999999996,0.8019995535767585,0.9997926245992136
193_Exathlon_id_20_Facility_tr_8898_1st_8998.csv,2.384449005126953,0.9339283281541954,0.9969806990965707,0.9445029999000565,0.9972364775340307,0.9487800513397782,0.9951406649616368,0.9888813251645104,0.7138159794870782,0.9863977554661945
194_Exathlon_id_21_Facility_tr_6985_1st_7085.csv,2.0862627029418945,0.9577880518242103,0.9917247626777159,0.9610939870399325,0.9931231520127409,0.9214733156271425,1.0,0.9999999999999996,0.7597726652741523,0.9988896007473667
196_Exathlon_id_23_Facility_tr_11665_1st_13484.csv,3.4905312061309814,0.9932403058673346,0.9995376317825563,0.9918417403922184,0.9995696865741838,0.956205598108267,1.0,0.9999999999999996,0.8019995535767585,0.9997926245992136
197_Exathlon_id_24_Facility_tr_10766_1st_12590.csv,3.3816676139831543,0.9993261370953876,0.9998950724949739,0.9991228412297666,0.9998899369478974,0.9934263999654345,1.0,0.9999999999999996,0.9185909700716552,0.9999896650550469
198_Exathlon_id_25_Facility_tr_12538_1st_12638.csv,4.546219110488892,0.9867938898539181,0.9929634957575841,0.9920151090675681,0.9972446319221466,0.9678044597038755,1.0,0.9999999999999996,0.687210653416051,0.9996465139235863
199_Exathlon_id_26_Facility_tr_12538_1st_12638.csv,4.736793518066406,0.9867938898539181,0.9929634957575841,0.9920151090675681,0.9972446319221466,0.9678044597038755,1.0,0.9999999999999996,0.687210653416051,0.9996465139235863
200_Exathlon_id_27_Facility_tr_10766_1st_12590.csv,3.288560152053833,0.9993261370953876,0.9998950724949739,0.9991228412297666,0.9998899369478974,0.9934263999654345,1.0,0.9999999999999996,0.9185909700716552,0.9999896650550469
